Model,Split,AUC_mean,AUC_std,AUC,F1_mean,F1_std,F1,Precision_mean,Precision_std,Precision,Recall_mean,Recall_std,Recall
LR,random,0.9032219398265576,0.024470768008205936,0.9032 ± 0.0245,0.9169483345079418,0.004415838036589532,0.9169 ± 0.0044,0.8530125943420742,0.00904203310421334,0.8530 ± 0.0090,0.9913328549519508,0.0027658278835825203,0.9913 ± 0.0028
LR,scaffold,0.7617187499999999,0.0,0.7617 ± 0.0000,0.8988235294117647,0.0,0.8988 ± 0.0000,0.8197424892703863,0.0,0.8197 ± 0.0000,0.9947916666666666,0.0,0.9948 ± 0.0000
SVM,random,0.9001800823083167,0.003093691935785597,0.9002 ± 0.0031,0.9287844543163691,0.010252762185947334,0.9288 ± 0.0103,0.8896859179772139,0.016249230716140546,0.8897 ± 0.0162,0.971620727983904,0.005893449459373078,0.9716 ± 0.0059
SVM,scaffold,0.7464488636363636,0.0,0.7464 ± 0.0000,0.8925111124408597,0.001795309507337611,0.8925 ± 0.0018,0.8405090010996625,0.003472215584464449,0.8405 ± 0.0035,0.9513888888888888,0.002455231879119974,0.9514 ± 0.0025
MLP,random,0.8828105744740754,0.006332866757706221,0.8828 ± 0.0063,0.9212130479500931,0.00793519525625703,0.9212 ± 0.0079,0.8965486481197988,0.018480942663342,0.8965 ± 0.0185,0.9475750284918324,0.004029685191798595,0.9476 ± 0.0040
MLP,scaffold,0.7658617424242425,0.009190872273342438,0.7659 ± 0.0092,0.8768535306441958,0.007748606552489644,0.8769 ± 0.0077,0.8822804092086006,0.008537054575582764,0.8823 ± 0.0085,0.8715277777777778,0.00885246443332082,0.8715 ± 0.0089
