Model,Split,AUC_mean,AUC_std,AUC,F1_mean,F1_std,F1,Precision_mean,Precision_std,Precision,Recall_mean,Recall_std,Recall
LR,random,0.9042719343761935,0.02209453333672134,0.9043 ± 0.0221,0.9210160818713451,0.0047545536500356225,0.9210 ± 0.0048,0.9000071703708802,0.016114659618746394,0.9000 ± 0.0161,0.9435228567810561,0.014506041334647475,0.9435 ± 0.0145
LR,scaffold,0.7558001893939393,0.0,0.7558 ± 0.0000,0.8866498740554155,1.1102230246251565e-16,0.8866 ± 0.0000,0.8585365853658536,0.0,0.8585 ± 0.0000,0.9166666666666666,0.0,0.9167 ± 0.0000
SVM,random,0.9017699684788453,0.0044883395440280405,0.9018 ± 0.0045,0.9283927454659162,0.012887706079694578,0.9284 ± 0.0129,0.8927045897314893,0.016498380965860288,0.8927 ± 0.0165,0.9671464550532551,0.011004750781768257,0.9671 ± 0.0110
SVM,scaffold,0.7378472222222222,5.580072452545515e-05,0.7378 ± 0.0001,0.8794995610184372,0.00548385417074727,0.8795 ± 0.0055,0.8380511463844798,6.235509534276372e-05,0.8381 ± 0.0001,0.9253472222222222,0.012276159395599819,0.9253 ± 0.0123
MLP,random,0.8982546185619084,0.01335843131442136,0.8983 ± 0.0134,0.8960038921951607,0.005491578844830994,0.8960 ± 0.0055,0.9274874027458684,0.013901419218618826,0.9275 ± 0.0139,0.867052185780817,0.017172010529005084,0.8671 ± 0.0172
MLP,scaffold,0.774542297979798,0.005673866401878842,0.7745 ± 0.0057,0.8007360097775319,0.006918688716459827,0.8007 ± 0.0069,0.9210116930992539,0.0023803466082815664,0.9210 ± 0.0024,0.7083333333333334,0.011251285934735898,0.7083 ± 0.0113
