split,mean_max_tanimoto,std_max_tanimoto,min_max_tanimoto,max_max_tanimoto
random,0.5974589000447921,0.2124499818630435,0.16666666666666666,1.0
scaffold,0.2917090401053498,0.11944598465199606,0.041666666666666664,0.6666666666666666
